model,Train_Score,Test_accuracy,f1score,recall,precision,roc_auc
SVM,0.9393468118195957,0.9255813953488372,0.0,0.0,0.0,0.5
DT,0.9533437013996889,0.9627906976744186,0.7777777777777778,0.875,0.7,0.9224246231155778
RF,1.0,0.958139534883721,0.7272727272727273,0.75,0.7058823529411765,0.8624371859296482
LR,0.9642301710730948,0.9627906976744186,0.7333333333333333,0.6875,0.7857142857142857,0.836212311557789
KNN,0.9393468118195957,0.9255813953488372,0.0,0.0,0.0,0.5
